model,experiment,entity_precision,entity_recall,entity_f1,dsl_correct_rate,dsl_syntax_validity,code_correct_rate,syntax_errors,semantic_errors,semantic_rule_coverage,business_rule_inconsistencies,execution_time_seconds,estimated_cost_usd,end_to_end_success,stage_failure_count,model_experiment
heuristic_baseline,A_full_pipeline,0.3477362914862914,0.5804232804232804,0.4329464979464979,0.8698412698412699,1.0,0.8333333333333334,0.0,1.0,0.0,0.0,9.9566668116798e-05,0.0,0.5,0.5,heuristic_baseline / A_full_pipeline
heuristic_baseline,B_no_dsl,0.3477362914862914,0.5804232804232804,0.4329464979464979,0.0,0.0,0.18055555555555555,0.0,1.0,0.0,0.0,1.9999998282097902e-05,0.0,0.3333333333333333,1.1666666666666667,heuristic_baseline / B_no_dsl
heuristic_baseline,C_multilayer_dsl,0.3477362914862914,0.5804232804232804,0.4329464979464979,0.29285714285714287,1.0,0.8333333333333334,0.0,1.0,0.0,0.0,6.819999907747842e-05,0.0,0.5,0.5,heuristic_baseline / C_multilayer_dsl
heuristic_baseline,D_business_rule_change,0.3477362914862914,0.5804232804232804,0.4329464979464979,0.8698412698412699,1.0,0.8333333333333334,0.0,1.0,0.0,1.0,9.001666937062207e-05,0.0,0.0,1.5,heuristic_baseline / D_business_rule_change
heuristic_baseline,E_generalization,0.3477362914862914,0.5804232804232804,0.4329464979464979,0.8698412698412699,1.0,0.8333333333333334,0.0,1.0,0.0,0.0,6.728333270681712e-05,0.0,0.5,0.5,heuristic_baseline / E_generalization
heuristic_baseline,F_model_comparison,0.3477362914862914,0.5804232804232804,0.4329464979464979,0.8698412698412699,1.0,0.8333333333333334,0.0,1.0,0.0,0.0,6.0933331648508705e-05,0.0,0.5,0.5,heuristic_baseline / F_model_comparison
